ts	ps_run_id	c_run_id	branch	strict_rows	soft_rows	volatile_only	verdict
2026-05-17T15:40:53Z	25991871716	25995156167	3.0	1	0	false	strict
2026-05-17T15:40:53Z	25991871716	25995156167	4.0	1	0	false	strict
2026-05-17T15:40:53Z	25991871716	25995156167	5.0	1	0	false	strict
2026-05-17T15:40:53Z	25991871716	25995156167	6.0	1	0	false	strict
2026-05-17T15:40:53Z	25991871716	25995156167	common	1	0	false	strict
2026-05-17T15:40:53Z	25991871716	25995156167	dev	1	0	false	strict
2026-05-17T15:40:53Z	25991871716	25995156167	master	1	0	false	strict
2026-05-17T15:47:55Z	25991871716	25995330004	3.0	1	0	false	strict
2026-05-17T15:47:55Z	25991871716	25995330004	4.0	1	0	false	strict
2026-05-17T15:47:55Z	25991871716	25995330004	5.0	1	0	false	strict
2026-05-17T15:47:55Z	25991871716	25995330004	6.0	1	0	false	strict
2026-05-17T15:47:55Z	25991871716	25995330004	common	1	0	false	strict
2026-05-17T15:47:55Z	25991871716	25995330004	dev	1	0	false	strict
2026-05-17T15:47:55Z	25991871716	25995330004	master	1	0	false	strict
2026-05-17T19:14:27Z	25991871716	25997857323	3.0	919	0	false	strict
2026-05-17T19:14:27Z	25991871716	25997857323	4.0	1034	0	false	strict
2026-05-17T19:14:27Z	25991871716	25997857323	5.0	1113	0	false	strict
2026-05-17T19:14:27Z	25991871716	25997857323	6.0	1093	0	false	strict
2026-05-17T19:14:27Z	25991871716	25997857323	common	6	0	false	strict
2026-05-17T19:14:27Z	25991871716	25997857323	dev	1090	0	false	strict
2026-05-17T19:14:27Z	25991871716	25997857323	master	1090	0	false	strict
2026-05-17T21:53:43Z	25991871716	26001445820	3.0	919	0	false	strict
2026-05-17T21:53:43Z	25991871716	26001445820	4.0	1034	0	false	strict
2026-05-17T21:53:43Z	25991871716	26001445820	5.0	1113	0	false	strict
2026-05-17T21:53:43Z	25991871716	26001445820	6.0	1093	0	false	strict
2026-05-17T21:53:43Z	25991871716	26001445820	common	6	0	false	strict
2026-05-17T21:53:43Z	25991871716	26001445820	dev	1090	0	false	strict
2026-05-17T21:53:43Z	25991871716	26001445820	master	1090	0	false	strict
2026-05-17T23:49:22Z	25991871716	26004437595	3.0	918	1	false	strict
2026-05-17T23:49:22Z	25991871716	26004437595	4.0	1033	1	false	strict
2026-05-17T23:49:22Z	25991871716	26004437595	5.0	1112	1	false	strict
2026-05-17T23:49:22Z	25991871716	26004437595	6.0	1092	1	false	strict
2026-05-17T23:49:22Z	25991871716	26004437595	common	6	0	false	strict
2026-05-17T23:49:22Z	25991871716	26004437595	dev	1089	1	false	strict
2026-05-17T23:49:22Z	25991871716	26004437595	master	1089	1	false	strict
2026-05-18T01:25:20Z	25991871716	26006570849	3.0	917	1	false	strict
2026-05-18T01:25:20Z	25991871716	26006570849	4.0	1032	1	false	strict
2026-05-18T01:25:20Z	25991871716	26006570849	5.0	1108	1	false	strict
2026-05-18T01:25:20Z	25991871716	26006570849	6.0	1088	1	false	strict
2026-05-18T01:25:20Z	25991871716	26006570849	common	6	0	false	strict
2026-05-18T01:25:20Z	25991871716	26006570849	dev	1088	1	false	strict
2026-05-18T01:25:20Z	25991871716	26006570849	master	1088	1	false	strict
2026-05-18T02:56:33Z	25991871716	26008906741	3.0	917	1	false	strict
2026-05-18T02:56:33Z	25991871716	26008906741	4.0	1032	1	false	strict
2026-05-18T02:56:33Z	25991871716	26008906741	5.0	1101	2	false	strict
2026-05-18T02:56:33Z	25991871716	26008906741	6.0	1081	2	false	strict
2026-05-18T02:56:33Z	25991871716	26008906741	common	6	0	false	strict
2026-05-18T02:56:33Z	25991871716	26008906741	dev	1087	1	false	strict
2026-05-18T02:56:33Z	25991871716	26008906741	master	1087	1	false	strict
2026-05-18T04:26:34Z	25991871716	26011320646	3.0	917	1	false	strict
2026-05-18T04:26:34Z	25991871716	26011320646	4.0	1032	1	false	strict
2026-05-18T04:26:34Z	25991871716	26011320646	5.0	1101	2	false	strict
2026-05-18T04:26:34Z	25991871716	26011320646	6.0	1081	2	false	strict
2026-05-18T04:26:34Z	25991871716	26011320646	common	6	0	false	strict
2026-05-18T04:26:34Z	25991871716	26011320646	dev	1087	1	false	strict
2026-05-18T04:26:34Z	25991871716	26011320646	master	1087	1	false	strict
2026-05-18T06:05:27Z	25991871716	26013975658	3.0	795	16	false	strict
2026-05-18T06:05:27Z	25991871716	26013975658	4.0	841	15	false	strict
2026-05-18T06:05:27Z	25991871716	26013975658	5.0	849	21	false	strict
2026-05-18T06:05:27Z	25991871716	26013975658	6.0	832	19	false	strict
2026-05-18T06:05:27Z	25991871716	26013975658	common	6	0	false	strict
2026-05-18T06:05:27Z	25991871716	26013975658	dev	833	14	false	strict
2026-05-18T06:05:27Z	25991871716	26013975658	master	834	13	false	strict
2026-05-18T07:45:45Z	25991871716	26016792077	3.0	784	17	false	strict
2026-05-18T07:45:45Z	25991871716	26016792077	4.0	835	15	false	strict
2026-05-18T07:45:45Z	25991871716	26016792077	5.0	850	17	false	strict
2026-05-18T07:45:45Z	25991871716	26016792077	6.0	832	17	false	strict
2026-05-18T07:45:45Z	25991871716	26016792077	common	6	0	false	strict
2026-05-18T07:45:45Z	25991871716	26016792077	dev	833	13	false	strict
2026-05-18T07:45:45Z	25991871716	26016792077	master	833	12	false	strict
2026-05-18T09:26:17Z	25991871716	26020885258	3.0	774	18	false	strict
2026-05-18T09:26:17Z	25991871716	26020885258	4.0	822	17	false	strict
2026-05-18T09:26:17Z	25991871716	26020885258	5.0	835	18	false	strict
2026-05-18T09:26:17Z	25991871716	26020885258	6.0	817	20	false	strict
2026-05-18T09:26:17Z	25991871716	26020885258	common	6	0	false	strict
2026-05-18T09:26:17Z	25991871716	26020885258	dev	818	14	false	strict
2026-05-18T09:26:17Z	25991871716	26020885258	master	816	16	false	strict
2026-05-18T12:58:23Z	25991871716	26028421924	3.0	748	27	false	strict
2026-05-18T12:58:23Z	25991871716	26028421924	4.0	774	27	false	strict
2026-05-18T12:58:23Z	25991871716	26028421924	5.0	766	30	false	strict
2026-05-18T12:58:23Z	25991871716	26028421924	6.0	766	29	false	strict
2026-05-18T12:58:23Z	25991871716	26028421924	common	6	0	false	strict
2026-05-18T12:58:23Z	25991871716	26028421924	dev	767	26	false	strict
2026-05-18T12:58:23Z	25991871716	26028421924	master	769	26	false	strict
2026-05-18T17:28:07Z	25991871716	26044019950	3.0	599	45	false	strict
2026-05-18T17:28:07Z	25991871716	26044019950	4.0	563	48	false	strict
2026-05-18T17:28:08Z	25991871716	26044019950	5.0	476	54	false	strict
2026-05-18T17:28:08Z	25991871716	26044019950	6.0	476	54	false	strict
2026-05-18T17:28:08Z	25991871716	26044019950	common	5	0	false	strict
2026-05-18T17:28:08Z	25991871716	26044019950	dev	481	48	false	strict
2026-05-18T17:28:08Z	25991871716	26044019950	master	482	47	false	strict
2026-05-19T02:30:53Z	25991871716	26061463483	3.0	571	42	false	strict
2026-05-19T02:30:53Z	25991871716	26061463483	4.0	518	47	false	strict
2026-05-19T02:30:53Z	25991871716	26061463483	5.0	414	59	false	strict
2026-05-19T02:30:53Z	25991871716	26061463483	6.0	416	57	false	strict
2026-05-19T02:30:53Z	25991871716	26061463483	common	6	0	false	strict
2026-05-19T02:30:53Z	25991871716	26061463483	dev	423	51	false	strict
2026-05-19T02:30:54Z	25991871716	26061463483	master	425	50	false	strict
2026-05-19T12:05:21Z	26081304831	26085247541	3.0	572	42	false	strict
2026-05-19T12:05:21Z	26081304831	26085247541	4.0	517	47	false	strict
2026-05-19T12:05:21Z	26081304831	26085247541	5.0	419	59	false	strict
2026-05-19T12:05:21Z	26081304831	26085247541	6.0	438	59	false	strict
2026-05-19T12:05:21Z	26081304831	26085247541	common	6	0	false	strict
2026-05-19T12:05:22Z	26081304831	26085247541	dev	446	51	false	strict
2026-05-19T12:05:22Z	26081304831	26085247541	master	439	51	false	strict
2026-05-19T17:35:56Z	26096559409	26101453292	3.0	578	42	false	strict
2026-05-19T17:35:56Z	26096559409	26101453292	4.0	534	49	false	strict
2026-05-19T17:35:56Z	26096559409	26101453292	5.0	442	61	false	strict
2026-05-19T17:35:56Z	26096559409	26101453292	6.0	438	59	false	strict
2026-05-19T17:35:56Z	26096559409	26101453292	common	6	0	false	strict
2026-05-19T17:35:56Z	26096559409	26101453292	dev	450	51	false	strict
2026-05-19T17:35:56Z	26096559409	26101453292	master	448	51	false	strict
2026-05-20T01:14:28Z	26120952629	26125561229	3.0	575	42	false	strict
2026-05-20T01:14:28Z	26120952629	26125561229	4.0	533	48	false	strict
2026-05-20T01:14:28Z	26120952629	26125561229	5.0	424	60	false	strict
2026-05-20T01:14:28Z	26120952629	26125561229	6.0	427	57	false	strict
2026-05-20T01:14:29Z	26120952629	26125561229	common	6	0	false	strict
2026-05-20T01:14:29Z	26120952629	26125561229	dev	436	50	false	strict
2026-05-20T01:14:29Z	26120952629	26125561229	master	432	49	false	strict
2026-05-20T08:38:39Z	26140222909	26140575536	3.0	565	42	false	strict
2026-05-20T08:38:39Z	26140222909	26140575536	4.0	519	48	false	strict
2026-05-20T08:38:39Z	26140222909	26140575536	5.0	425	60	false	strict
2026-05-20T08:38:39Z	26140222909	26140575536	6.0	389	58	false	strict
2026-05-20T08:38:39Z	26140222909	26140575536	common	5	0	false	strict
2026-05-20T08:38:39Z	26140222909	26140575536	dev	430	52	false	strict
2026-05-20T08:38:39Z	26140222909	26140575536	master	440	54	false	strict
2026-05-20T17:53:39Z	26155807297	26160062078	3.0	551	47	false	strict
2026-05-20T17:53:39Z	26155807297	26160062078	4.0	484	50	false	strict
2026-05-20T17:53:39Z	26155807297	26160062078	5.0	392	63	false	strict
2026-05-20T17:53:39Z	26155807297	26160062078	6.0	373	59	false	strict
2026-05-20T17:53:39Z	26155807297	26160062078	common	5	0	false	strict
2026-05-20T17:53:39Z	26155807297	26160062078	dev	386	55	false	strict
2026-05-20T17:53:39Z	26155807297	26160062078	master	381	55	false	strict
2026-05-21T02:59:23Z	26185297395	26201671031	5.0	266	60	false	strict
2026-05-21T07:53:13Z	26185297395	26212147597	5.0	227	60	false	strict
2026-05-21T12:55:10Z	26185297395	26226086868	5.0	213	60	false	strict
2026-05-21T13:36:09Z	26185297395	26228183563	5.0	206	61	false	strict
2026-05-21T14:08:01Z	26185297395	26230052436	5.0	197	60	false	strict
2026-05-21T14:43:27Z	26185297395	26231942567	5.0	203	60	false	strict
2026-05-21T15:11:36Z	26185297395	26233502563	5.0	198	61	false	strict
2026-05-21T18:26:13Z	26243226678	26244061890	5.0	147	95	false	strict
2026-05-22T01:46:37Z	26262225410	26262711412	5.0	145	98	false	strict
2026-05-22T02:26:35Z	26263806325	26264260386	5.0	144	95	false	strict
2026-05-22T03:16:43Z	26265311046	26265765561	5.0	144	94	false	strict
2026-05-22T06:23:53Z	26269504111	26269953966	5.0	140	96	false	strict
2026-05-22T07:14:36Z	26272501333	26273110818	5.0	142	94	false	strict
2026-05-22T08:34:04Z	26274772843	26275435749	5.0	143	96	false	strict
2026-05-22T10:07:29Z	26280011862	26280707019	5.0	139	94	false	strict
2026-05-22T10:50:33Z	26281974065	26282630395	5.0	140	99	false	strict
2026-05-22T13:40:27Z	26289297140	26290045854	5.0	137	95	false	strict
2026-05-22T15:01:19Z	26291759897	26292572892	5.0	141	92	false	strict
2026-05-22T16:14:45Z	26296736931	26297499848	5.0	134	94	false	strict
2026-05-22T16:55:33Z	26299206311	26299930158	5.0	136	96	false	strict
2026-05-22T19:32:59Z	26306235091	26306947231	5.0	135	96	false	strict
2026-05-22T20:35:20Z	26308871239	26309533101	5.0	126	99	false	strict
2026-05-22T23:01:45Z	26312789233	26313382788	5.0	126	100	false	strict
2026-05-23T06:50:34Z	26324090866	26324413477	5.0	126	109	false	strict
2026-05-23T14:04:48Z	26324090866	26334212358	5.0	114	100	false	strict
2026-05-23T15:40:48Z	26324090866	26336397215	5.0	116	98	false	strict
2026-05-23T15:56:41Z	26324090866	26336994311	5.0	116	98	false	strict
